{"cameraMode":{"drawMode":0,"name":"Shaded","section":"Shading Mode"},"sceneLighting":false,"audioPlay":false,"sceneViewState":{"showFog":true,"showMaterialUpdate":false,"showSkybox":false,"showFlares":true,"showImageEffects":true,"showParticleSystems":true},"in2DMode":false,"pivot":{"x":-7.940000057220459,"y":-0.24933242797851563,"z":-2.930000066757202},"rotation":{"x":-0.24378539621829987,"y":0.01803549937903881,"z":-0.004533775616437197,"w":-0.9696548581123352},"size":6.360313415527344,"orthographic":false}