{"cameraMode":{"drawMode":0,"name":"Shaded","section":"Shading Mode"},"sceneLighting":false,"audioPlay":false,"sceneViewState":{"showFog":true,"showMaterialUpdate":false,"showSkybox":false,"showFlares":true,"showImageEffects":true,"showParticleSystems":true},"in2DMode":false,"pivot":{"x":-326.09649658203127,"y":-310.3946228027344,"z":4.383083343505859},"rotation":{"x":-0.24378539621829987,"y":0.01803549937903881,"z":-0.004533775616437197,"w":-0.9696548581123352},"size":0.20218485593795777,"orthographic":false}