{"cameraMode":{"drawMode":0,"name":"Shaded","section":"Shading Mode"},"sceneLighting":false,"audioPlay":false,"sceneViewState":{"showFog":true,"showMaterialUpdate":false,"showSkybox":false,"showFlares":true,"showImageEffects":true,"showParticleSystems":true},"in2DMode":false,"pivot":{"x":11.369735717773438,"y":0.6034998893737793,"z":1.5567879676818848},"rotation":{"x":-0.27849867939949038,"y":-0.02247411012649536,"z":0.006519249174743891,"w":-0.9601535201072693},"size":5.342936038970947,"orthographic":false}