{"cameraMode":{"drawMode":0,"name":"Shaded","section":"Shading Mode"},"sceneLighting":true,"audioPlay":false,"sceneViewState":{"showFog":true,"showMaterialUpdate":false,"showSkybox":true,"showFlares":true,"showImageEffects":true,"showParticleSystems":true},"in2DMode":false,"pivot":{"x":24.0235538482666,"y":16.186145782470704,"z":-19.195293426513673},"rotation":{"x":-0.2252770960330963,"y":0.0939454659819603,"z":-0.02182837389409542,"w":-0.969514012336731},"size":8.37934398651123,"orthographic":false}